date,ticker,open,high,low,close,volume
2023-04-13,AAPL,161.6300048828125,165.8000030517578,161.4199981689453,165.55999755859375,68445600
2023-04-14,AAPL,164.58999633789062,166.32000732421875,163.82000732421875,165.2100067138672,49386500
2023-04-17,AAPL,165.08999633789062,165.38999938964844,164.02999877929688,165.22999572753906,41516200
2023-04-18,AAPL,166.10000610351562,167.41000366210938,165.64999389648438,166.47000122070312,49923000
2023-04-19,AAPL,165.8000030517578,168.16000366210938,165.5399932861328,167.6300048828125,47720200
2023-04-20,AAPL,166.08999633789062,167.8699951171875,165.55999755859375,166.64999389648438,52456400
2023-04-21,AAPL,165.0500030517578,166.4499969482422,164.49000549316406,165.02000427246094,58337300
2023-04-24,AAPL,165.0,165.60000610351562,163.88999938964844,165.3300018310547,41949600
2023-04-25,AAPL,165.19000244140625,166.30999755859375,163.72999572753906,163.77000427246094,48714100
2023-04-26,AAPL,163.05999755859375,165.27999877929688,162.8000030517578,163.75999450683594,45498800
2023-04-27,AAPL,165.19000244140625,168.55999755859375,165.19000244140625,168.41000366210938,64902300
2023-04-28,AAPL,168.49000549316406,169.85000610351562,167.8800048828125,169.67999267578125,55275900
2023-05-01,AAPL,169.27999877929688,170.4499969482422,168.63999938964844,169.58999633789062,52472900
2023-05-02,AAPL,170.08999633789062,170.35000610351562,167.5399932861328,168.5399932861328,48425700
2023-05-03,AAPL,169.5,170.9199981689453,167.16000366210938,167.4499969482422,65136000
2023-05-04,AAPL,164.88999938964844,167.0399932861328,164.30999755859375,165.7899932861328,81235400
2023-05-05,AAPL,170.97999572753906,174.3000030517578,170.75999450683594,173.57000732421875,113453200
2023-05-08,AAPL,172.47999572753906,173.85000610351562,172.11000061035156,173.5,55962800
2023-05-09,AAPL,173.0500030517578,173.5399932861328,171.60000610351562,171.77000427246094,45326900
2023-05-10,AAPL,173.02000427246094,174.02999877929688,171.89999389648438,173.55999755859375,53724500
2023-05-11,AAPL,173.85000610351562,174.58999633789062,172.1699981689453,173.75,49514700
2023-05-12,AAPL,173.6199951171875,174.05999755859375,171.0,172.57000732421875,45533100
2023-05-15,AAPL,173.16000366210938,173.2100067138672,171.47000122070312,172.07000732421875,37266700
2023-05-16,AAPL,171.99000549316406,173.13999938964844,171.8000030517578,172.07000732421875,42110300
2023-05-17,AAPL,171.7100067138672,172.92999267578125,170.4199981689453,172.69000244140625,57951600
2023-05-18,AAPL,173.0,175.24000549316406,172.5800018310547,175.0500030517578,65496700
2023-05-19,AAPL,176.38999938964844,176.38999938964844,174.94000244140625,175.16000366210938,55809500
2023-05-22,AAPL,173.97999572753906,174.7100067138672,173.4499969482422,174.1999969482422,43570900
2023-05-23,AAPL,173.1300048828125,173.3800048828125,171.27999877929688,171.55999755859375,50747300
2023-05-24,AAPL,171.08999633789062,172.4199981689453,170.52000427246094,171.83999633789062,45143500
2023-05-25,AAPL,172.41000366210938,173.89999389648438,171.69000244140625,172.99000549316406,56058300
2023-05-26,AAPL,173.32000732421875,175.77000427246094,173.11000061035156,175.42999267578125,54835000
2023-05-30,AAPL,176.9600067138672,178.99000549316406,176.57000732421875,177.3000030517578,55964400
2023-05-31,AAPL,177.3300018310547,179.35000610351562,176.75999450683594,177.25,99625300
2023-06-01,AAPL,177.6999969482422,180.1199951171875,176.92999267578125,180.08999633789062,68901800
2023-06-02,AAPL,181.02999877929688,181.77999877929688,179.25999450683594,180.9499969482422,61996900
2023-06-05,AAPL,182.6300048828125,184.9499969482422,178.0399932861328,179.5800018310547,121946500
2023-06-06,AAPL,179.97000122070312,180.1199951171875,177.42999267578125,179.2100067138672,64848400
2023-06-07,AAPL,178.44000244140625,181.2100067138672,177.32000732421875,177.82000732421875,61944600
2023-06-08,AAPL,177.89999389648438,180.83999633789062,177.4600067138672,180.57000732421875,50214900
2023-06-09,AAPL,181.5,182.22999572753906,180.6300048828125,180.9600067138672,48900000
2023-06-12,AAPL,181.27000427246094,183.88999938964844,180.97000122070312,183.7899932861328,54274900
2023-06-13,AAPL,182.8000030517578,184.14999389648438,182.44000244140625,183.30999755859375,54929100
2023-06-14,AAPL,183.3699951171875,184.38999938964844,182.02000427246094,183.9499969482422,57462900
2023-06-15,AAPL,183.9600067138672,186.52000427246094,183.77999877929688,186.00999450683594,65433200
2023-06-16,AAPL,186.72999572753906,186.99000549316406,184.27000427246094,184.9199981689453,101256200
2023-06-20,AAPL,184.41000366210938,186.10000610351562,184.41000366210938,185.00999450683594,49799100
2023-06-21,AAPL,184.89999389648438,185.41000366210938,182.58999633789062,183.9600067138672,49515700
2023-06-22,AAPL,183.74000549316406,187.0500030517578,183.6699981689453,187.0,51245300
2023-06-23,AAPL,185.5500030517578,187.55999755859375,185.00999450683594,186.67999267578125,53117000
2023-06-26,AAPL,186.8300018310547,188.0500030517578,185.22999572753906,185.27000427246094,48088700
2023-06-27,AAPL,185.88999938964844,188.38999938964844,185.6699981689453,188.05999755859375,50730800
2023-06-28,AAPL,187.92999267578125,189.89999389648438,187.60000610351562,189.25,51216800
2023-06-29,AAPL,189.0800018310547,190.07000732421875,188.94000244140625,189.58999633789062,46347300
2023-06-30,AAPL,191.6300048828125,194.47999572753906,191.25999450683594,193.97000122070312,85213200
2023-07-03,AAPL,193.77999877929688,193.8800048828125,191.75999450683594,192.4600067138672,31458200
2023-07-05,AAPL,191.57000732421875,192.97999572753906,190.6199951171875,191.3300018310547,46920300
2023-07-06,AAPL,189.83999633789062,192.02000427246094,189.1999969482422,191.80999755859375,45094300
2023-07-07,AAPL,191.41000366210938,192.6699981689453,190.24000549316406,190.67999267578125,46815000
2023-07-10,AAPL,189.25999450683594,189.99000549316406,187.0399932861328,188.61000061035156,59922200
2023-07-11,AAPL,189.16000366210938,189.3000030517578,186.60000610351562,188.0800018310547,46638100
2023-07-12,AAPL,189.67999267578125,191.6999969482422,188.47000122070312,189.77000427246094,60750200
2023-07-13,AAPL,190.5,191.19000244140625,189.77999877929688,190.5399932861328,41342300
2023-07-14,AAPL,190.22999572753906,191.17999267578125,189.6300048828125,190.69000244140625,41616200
2023-07-17,AAPL,191.89999389648438,194.32000732421875,191.80999755859375,193.99000549316406,50520200
2023-07-18,AAPL,193.35000610351562,194.3300018310547,192.4199981689453,193.72999572753906,48288200
2023-07-19,AAPL,193.10000610351562,198.22999572753906,192.64999389648438,195.10000610351562,80507300
2023-07-20,AAPL,195.08999633789062,196.47000122070312,192.5,193.1300048828125,59581200
2023-07-21,AAPL,194.10000610351562,194.97000122070312,191.22999572753906,191.94000244140625,71951700
2023-07-24,AAPL,193.41000366210938,194.91000366210938,192.25,192.75,45377800
2023-07-25,AAPL,193.3300018310547,194.44000244140625,192.9199981689453,193.6199951171875,37283200
2023-07-26,AAPL,193.6699981689453,195.63999938964844,193.32000732421875,194.5,47471900
2023-07-27,AAPL,196.02000427246094,197.1999969482422,192.5500030517578,193.22000122070312,47460200
2023-07-28,AAPL,194.6699981689453,196.6300048828125,194.13999938964844,195.8300018310547,48291400
2023-07-31,AAPL,196.05999755859375,196.49000549316406,195.25999450683594,196.4499969482422,38824100
2023-08-01,AAPL,196.24000549316406,196.72999572753906,195.27999877929688,195.61000061035156,35175100
2023-08-02,AAPL,195.0399932861328,195.17999267578125,191.85000610351562,192.5800018310547,50389300
2023-08-03,AAPL,191.57000732421875,192.3699951171875,190.69000244140625,191.1699981689453,61235200
2023-08-04,AAPL,185.52000427246094,187.3800048828125,181.9199981689453,181.99000549316406,115956800
2023-08-07,AAPL,182.1300048828125,183.1300048828125,177.35000610351562,178.85000610351562,97576100
2023-08-08,AAPL,179.69000244140625,180.27000427246094,177.5800018310547,179.8000030517578,67823000
2023-08-09,AAPL,180.8699951171875,180.92999267578125,177.00999450683594,178.19000244140625,60378500
2023-08-10,AAPL,179.47999572753906,180.75,177.60000610351562,177.97000122070312,54686900
2023-08-11,AAPL,177.32000732421875,178.6199951171875,176.5500030517578,177.7899932861328,52036700
2023-08-14,AAPL,177.97000122070312,179.69000244140625,177.30999755859375,179.4600067138672,43675600
2023-08-15,AAPL,178.8800048828125,179.47999572753906,177.0500030517578,177.4499969482422,43622600
2023-08-16,AAPL,177.1300048828125,178.5399932861328,176.5,176.57000732421875,46964900
2023-08-17,AAPL,177.13999938964844,177.50999450683594,173.47999572753906,174.0,66062900
2023-08-18,AAPL,172.3000030517578,175.10000610351562,171.9600067138672,174.49000549316406,61172200
2023-08-21,AAPL,175.07000732421875,176.1300048828125,173.74000549316406,175.83999633789062,46311900
2023-08-22,AAPL,177.05999755859375,177.67999267578125,176.25,177.22999572753906,42038900
2023-08-23,AAPL,178.52000427246094,181.5500030517578,178.3300018310547,181.1199951171875,52722800
2023-08-24,AAPL,180.6699981689453,181.10000610351562,176.00999450683594,176.3800048828125,54945800
2023-08-25,AAPL,177.3800048828125,179.14999389648438,175.82000732421875,178.61000061035156,51449600
2023-08-28,AAPL,180.08999633789062,180.58999633789062,178.5500030517578,180.19000244140625,43820700
2023-08-29,AAPL,179.6999969482422,184.89999389648438,179.5,184.1199951171875,53003900
2023-08-30,AAPL,184.94000244140625,187.85000610351562,184.74000549316406,187.64999389648438,60813900
2023-08-31,AAPL,187.83999633789062,189.1199951171875,187.47999572753906,187.8699951171875,60794500
2023-09-01,AAPL,189.49000549316406,189.9199981689453,188.27999877929688,189.4600067138672,45766500
2023-09-05,AAPL,188.27999877929688,189.97999572753906,187.61000061035156,189.6999969482422,45280000
2023-09-06,AAPL,188.39999389648438,188.85000610351562,181.47000122070312,182.91000366210938,81755800
2023-09-07,AAPL,175.17999267578125,178.2100067138672,173.5399932861328,177.55999755859375,112488800
2023-09-08,AAPL,178.35000610351562,180.24000549316406,177.7899932861328,178.17999267578125,65551300
2023-09-11,AAPL,180.07000732421875,180.3000030517578,177.33999633789062,179.36000061035156,58953100
2023-09-12,AAPL,179.49000549316406,180.1300048828125,174.82000732421875,176.3000030517578,90370200
2023-09-13,AAPL,176.50999450683594,177.3000030517578,173.97999572753906,174.2100067138672,84267900
2023-09-14,AAPL,174.0,176.10000610351562,173.5800018310547,175.74000549316406,60895800
2023-09-15,AAPL,176.47999572753906,176.5,173.82000732421875,175.00999450683594,109259500
2023-09-18,AAPL,176.47999572753906,179.3800048828125,176.1699981689453,177.97000122070312,67257600
2023-09-19,AAPL,177.52000427246094,179.6300048828125,177.1300048828125,179.07000732421875,51826900
2023-09-20,AAPL,179.25999450683594,179.6999969482422,175.39999389648438,175.49000549316406,58436200
2023-09-21,AAPL,174.5500030517578,176.3000030517578,173.86000061035156,173.92999267578125,63149100
2023-09-22,AAPL,174.6699981689453,177.0800018310547,174.0500030517578,174.7899932861328,56725400
2023-09-25,AAPL,174.1999969482422,176.97000122070312,174.14999389648438,176.0800018310547,46172700
2023-09-26,AAPL,174.82000732421875,175.1999969482422,171.66000366210938,171.9600067138672,64588900
2023-09-27,AAPL,172.6199951171875,173.0399932861328,169.0500030517578,170.42999267578125,66921800
2023-09-28,AAPL,169.33999633789062,172.02999877929688,167.6199951171875,170.69000244140625,56294400
2023-09-29,AAPL,172.02000427246094,173.07000732421875,170.33999633789062,171.2100067138672,51861100
2023-10-02,AAPL,171.22000122070312,174.3000030517578,170.92999267578125,173.75,52164500
2023-10-03,AAPL,172.25999450683594,173.6300048828125,170.82000732421875,172.39999389648438,49594600
2023-10-04,AAPL,171.08999633789062,174.2100067138672,170.97000122070312,173.66000366210938,53020300
2023-10-05,AAPL,173.7899932861328,175.4499969482422,172.67999267578125,174.91000366210938,48527900
2023-10-06,AAPL,173.8000030517578,177.99000549316406,173.17999267578125,177.49000549316406,57266700
2023-10-09,AAPL,176.80999755859375,179.0500030517578,175.8000030517578,178.99000549316406,42390800
2023-10-10,AAPL,178.10000610351562,179.72000122070312,177.9499969482422,178.38999938964844,43698000
2023-10-11,AAPL,178.1999969482422,179.85000610351562,177.60000610351562,179.8000030517578,47551100
2023-10-12,AAPL,180.07000732421875,182.33999633789062,179.0399932861328,180.7100067138672,56743100
2023-10-13,AAPL,181.4199981689453,181.92999267578125,178.13999938964844,178.85000610351562,51427100
2023-10-16,AAPL,176.75,179.0800018310547,176.50999450683594,178.72000122070312,52517000
2023-10-17,AAPL,176.64999389648438,178.4199981689453,174.8000030517578,177.14999389648438,57549400
2023-10-18,AAPL,175.5800018310547,177.5800018310547,175.11000061035156,175.83999633789062,54764400
2023-10-19,AAPL,176.0399932861328,177.83999633789062,175.19000244140625,175.4600067138672,59302900
2023-10-20,AAPL,175.30999755859375,175.4199981689453,172.63999938964844,172.8800048828125,64244000
2023-10-23,AAPL,170.91000366210938,174.00999450683594,169.92999267578125,173.0,55980100
2023-10-24,AAPL,173.0500030517578,173.6699981689453,171.4499969482422,173.44000244140625,43816600
2023-10-25,AAPL,171.8800048828125,173.05999755859375,170.64999389648438,171.10000610351562,57157000
2023-10-26,AAPL,170.3699951171875,171.3800048828125,165.6699981689453,166.88999938964844,70625300
2023-10-27,AAPL,166.91000366210938,168.9600067138672,166.8300018310547,168.22000122070312,58499100
2023-10-30,AAPL,169.02000427246094,171.1699981689453,168.8699951171875,170.2899932861328,51131000
2023-10-31,AAPL,169.35000610351562,170.89999389648438,167.89999389648438,170.77000427246094,44846000
2023-11-01,AAPL,171.0,174.22999572753906,170.1199951171875,173.97000122070312,56934900
2023-11-02,AAPL,175.52000427246094,177.77999877929688,175.4600067138672,177.57000732421875,77334800
2023-11-03,AAPL,174.24000549316406,176.82000732421875,173.35000610351562,176.64999389648438,79829200
2023-11-06,AAPL,176.3800048828125,179.42999267578125,176.2100067138672,179.22999572753906,63841300
2023-11-07,AAPL,179.17999267578125,182.44000244140625,178.97000122070312,181.82000732421875,70530000
2023-11-08,AAPL,182.35000610351562,183.4499969482422,181.58999633789062,182.88999938964844,49340300
2023-11-09,AAPL,182.9600067138672,184.1199951171875,181.80999755859375,182.41000366210938,53763500
2023-11-10,AAPL,183.97000122070312,186.57000732421875,183.52999877929688,186.39999389648438,66133400
2023-11-13,AAPL,185.82000732421875,186.02999877929688,184.2100067138672,184.8000030517578,43627500
2023-11-14,AAPL,187.6999969482422,188.11000061035156,186.3000030517578,187.44000244140625,60108400
2023-11-15,AAPL,187.85000610351562,189.5,187.77999877929688,188.00999450683594,53790500
2023-11-16,AAPL,189.57000732421875,190.9600067138672,188.64999389648438,189.7100067138672,54412900
2023-11-17,AAPL,190.25,190.3800048828125,188.57000732421875,189.69000244140625,50922700
2023-11-20,AAPL,189.88999938964844,191.91000366210938,189.8800048828125,191.4499969482422,46505100
2023-11-21,AAPL,191.41000366210938,191.52000427246094,189.74000549316406,190.63999938964844,38134500
2023-11-22,AAPL,191.49000549316406,192.92999267578125,190.8300018310547,191.30999755859375,39617700
2023-11-24,AAPL,190.8699951171875,190.89999389648438,189.25,189.97000122070312,24048300
2023-11-27,AAPL,189.9199981689453,190.6699981689453,188.89999389648438,189.7899932861328,40552600
2023-11-28,AAPL,189.77999877929688,191.0800018310547,189.39999389648438,190.39999389648438,38415400
2023-11-29,AAPL,190.89999389648438,192.08999633789062,188.97000122070312,189.3699951171875,43014200
2023-11-30,AAPL,189.83999633789062,190.32000732421875,188.19000244140625,189.9499969482422,48794400
2023-12-01,AAPL,190.3300018310547,191.55999755859375,189.22999572753906,191.24000549316406,45704800
2023-12-04,AAPL,189.97999572753906,190.0500030517578,187.4499969482422,189.42999267578125,43389500
2023-12-05,AAPL,190.2100067138672,194.39999389648438,190.17999267578125,193.4199981689453,66628400
2023-12-06,AAPL,194.4499969482422,194.75999450683594,192.11000061035156,192.32000732421875,41089700
2023-12-07,AAPL,193.6300048828125,195.0,193.58999633789062,194.27000427246094,47477700
2023-12-08,AAPL,194.1999969482422,195.99000549316406,193.6699981689453,195.7100067138672,53406400
2023-12-11,AAPL,193.11000061035156,193.49000549316406,191.4199981689453,193.17999267578125,60943700
2023-12-12,AAPL,193.0800018310547,194.72000122070312,191.72000122070312,194.7100067138672,52696900
2023-12-13,AAPL,195.08999633789062,198.0,194.85000610351562,197.9600067138672,70404200
2023-12-14,AAPL,198.02000427246094,199.6199951171875,196.16000366210938,198.11000061035156,66831600
2023-12-15,AAPL,197.52999877929688,198.39999389648438,197.0,197.57000732421875,128538400
2023-12-18,AAPL,196.08999633789062,196.6300048828125,194.38999938964844,195.88999938964844,55751900
2023-12-19,AAPL,196.16000366210938,196.9499969482422,195.88999938964844,196.94000244140625,40714100
2023-12-20,AAPL,196.89999389648438,197.67999267578125,194.8300018310547,194.8300018310547,52242800
2023-12-21,AAPL,196.10000610351562,197.0800018310547,193.5,194.67999267578125,46482500
2023-12-22,AAPL,195.17999267578125,195.41000366210938,192.97000122070312,193.60000610351562,37149600
2023-12-26,AAPL,193.61000061035156,193.88999938964844,192.8300018310547,193.0500030517578,28919300
2023-12-27,AAPL,192.49000549316406,193.5,191.08999633789062,193.14999389648438,48087700
2023-12-28,AAPL,194.13999938964844,194.66000366210938,193.1699981689453,193.5800018310547,34049900
2023-12-29,AAPL,193.89999389648438,194.39999389648438,191.72999572753906,192.52999877929688,42672100
2024-01-02,AAPL,187.14999389648438,188.44000244140625,183.88999938964844,185.63999938964844,82488700
2024-01-03,AAPL,184.22000122070312,185.8800048828125,183.42999267578125,184.25,58414500
2024-01-04,AAPL,182.14999389648438,183.08999633789062,180.8800048828125,181.91000366210938,71983600
2024-01-05,AAPL,181.99000549316406,182.75999450683594,180.1699981689453,181.17999267578125,62379700
2024-01-08,AAPL,182.08999633789062,185.60000610351562,181.5,185.55999755859375,59144500
2024-01-09,AAPL,183.9199981689453,185.14999389648438,182.72999572753906,185.13999938964844,42841800
2024-01-10,AAPL,184.35000610351562,186.39999389648438,183.9199981689453,186.19000244140625,46792900
2024-01-11,AAPL,186.5399932861328,187.0500030517578,183.6199951171875,185.58999633789062,49128400
2024-01-12,AAPL,186.05999755859375,186.74000549316406,185.19000244140625,185.9199981689453,40477800
2024-01-16,AAPL,182.16000366210938,184.25999450683594,180.92999267578125,183.6300048828125,65603000
2024-01-17,AAPL,181.27000427246094,182.92999267578125,180.3000030517578,182.67999267578125,47317400
2024-01-18,AAPL,186.08999633789062,189.13999938964844,185.8300018310547,188.6300048828125,78005800
2024-01-19,AAPL,189.3300018310547,191.9499969482422,188.82000732421875,191.55999755859375,68903000
2024-01-22,AAPL,192.3000030517578,195.3300018310547,192.25999450683594,193.88999938964844,60133900
2024-01-23,AAPL,195.02000427246094,195.75,193.8300018310547,195.17999267578125,42355600
2024-01-24,AAPL,195.4199981689453,196.3800048828125,194.33999633789062,194.5,53631300
2024-01-25,AAPL,195.22000122070312,196.27000427246094,193.11000061035156,194.1699981689453,54822100
2024-01-26,AAPL,194.27000427246094,194.75999450683594,191.94000244140625,192.4199981689453,44594000
2024-01-29,AAPL,192.00999450683594,192.1999969482422,189.5800018310547,191.72999572753906,47145600
2024-01-30,AAPL,190.94000244140625,191.8000030517578,187.47000122070312,188.0399932861328,55859400
2024-01-31,AAPL,187.0399932861328,187.10000610351562,184.35000610351562,184.39999389648438,55467800
2024-02-01,AAPL,183.99000549316406,186.9499969482422,183.82000732421875,186.86000061035156,64885400
2024-02-02,AAPL,179.86000061035156,187.3300018310547,179.25,185.85000610351562,102551700
2024-02-05,AAPL,188.14999389648438,189.25,185.83999633789062,187.67999267578125,69668800
2024-02-06,AAPL,186.86000061035156,189.30999755859375,186.77000427246094,189.3000030517578,43490800
2024-02-07,AAPL,190.63999938964844,191.0500030517578,188.61000061035156,189.41000366210938,53439000
2024-02-08,AAPL,189.38999938964844,189.5399932861328,187.35000610351562,188.32000732421875,40962000
2024-02-09,AAPL,188.64999389648438,189.99000549316406,188.0,188.85000610351562,45155200
2024-02-12,AAPL,188.4199981689453,188.6699981689453,186.7899932861328,187.14999389648438,41781900
2024-02-13,AAPL,185.77000427246094,186.2100067138672,183.50999450683594,185.0399932861328,56529500
2024-02-14,AAPL,185.32000732421875,185.52999877929688,182.44000244140625,184.14999389648438,54630500
2024-02-15,AAPL,183.5500030517578,184.49000549316406,181.35000610351562,183.86000061035156,65434500
2024-02-16,AAPL,183.4199981689453,184.85000610351562,181.6699981689453,182.30999755859375,49752500
2024-02-20,AAPL,181.7899932861328,182.42999267578125,180.0,181.55999755859375,53665600
2024-02-21,AAPL,181.94000244140625,182.88999938964844,180.66000366210938,182.32000732421875,41371400
2024-02-22,AAPL,183.47999572753906,184.9600067138672,182.4600067138672,184.3699951171875,52292200
2024-02-23,AAPL,185.00999450683594,185.0399932861328,182.22999572753906,182.52000427246094,45119700
2024-02-26,AAPL,182.24000549316406,182.75999450683594,180.64999389648438,181.16000366210938,40867400
2024-02-27,AAPL,181.10000610351562,183.9199981689453,179.55999755859375,182.6300048828125,54318900
2024-02-28,AAPL,182.50999450683594,183.1199951171875,180.1300048828125,181.4199981689453,48953900
2024-02-29,AAPL,181.27000427246094,182.57000732421875,179.52999877929688,180.75,136682600
2024-03-01,AAPL,179.5500030517578,180.52999877929688,177.3800048828125,179.66000366210938,73563100
2024-03-04,AAPL,176.14999389648438,176.89999389648438,173.7899932861328,175.10000610351562,81510100
2024-03-05,AAPL,170.75999450683594,172.0399932861328,169.6199951171875,170.1199951171875,95132400
2024-03-06,AAPL,171.05999755859375,171.24000549316406,168.67999267578125,169.1199951171875,68587700
2024-03-07,AAPL,169.14999389648438,170.72999572753906,168.49000549316406,169.0,71765100
2024-03-08,AAPL,169.0,173.6999969482422,168.94000244140625,170.72999572753906,76267000
2024-03-11,AAPL,172.94000244140625,174.3800048828125,172.0500030517578,172.75,60139500
2024-03-12,AAPL,173.14999389648438,174.02999877929688,171.00999450683594,173.22999572753906,59825400
2024-03-13,AAPL,172.77000427246094,173.19000244140625,170.75999450683594,171.1300048828125,52488700
2024-03-14,AAPL,172.91000366210938,174.30999755859375,172.0500030517578,173.0,72913500
2024-03-15,AAPL,171.1699981689453,172.6199951171875,170.2899932861328,172.6199951171875,121752700
2024-03-18,AAPL,175.57000732421875,177.7100067138672,173.52000427246094,173.72000122070312,75604200
2024-03-19,AAPL,174.33999633789062,176.61000061035156,173.02999877929688,176.0800018310547,55215200
2024-03-20,AAPL,175.72000122070312,178.6699981689453,175.08999633789062,178.6699981689453,53423100
2024-03-21,AAPL,177.0500030517578,177.49000549316406,170.83999633789062,171.3699951171875,106181300
2024-03-22,AAPL,171.75999450683594,173.0500030517578,170.05999755859375,172.27999877929688,71160100
2024-03-25,AAPL,170.57000732421875,171.94000244140625,169.4499969482422,170.85000610351562,54288300
2024-03-26,AAPL,170.0,171.4199981689453,169.5800018310547,169.7100067138672,57388400
2024-03-27,AAPL,170.41000366210938,173.60000610351562,170.11000061035156,173.30999755859375,60273300
2024-03-28,AAPL,171.75,172.22999572753906,170.50999450683594,171.47999572753906,65672700
2024-04-01,AAPL,171.19000244140625,171.25,169.47999572753906,170.02999877929688,46240500
2024-04-02,AAPL,169.0800018310547,169.33999633789062,168.22999572753906,168.83999633789062,49329500
2024-04-03,AAPL,168.7899932861328,170.67999267578125,168.5800018310547,169.64999389648438,47691700
2024-04-04,AAPL,170.2899932861328,171.9199981689453,168.82000732421875,168.82000732421875,53704400
2024-04-05,AAPL,169.58999633789062,170.38999938964844,168.9499969482422,169.5800018310547,42104800
2024-04-08,AAPL,169.02999877929688,169.1999969482422,168.24000549316406,168.4499969482422,37425500
2024-04-09,AAPL,168.6999969482422,170.0800018310547,168.35000610351562,169.6699981689453,42373800
2024-04-10,AAPL,168.8000030517578,169.08999633789062,167.11000061035156,167.77999877929688,49709300
2024-04-11,AAPL,168.33999633789062,175.4600067138672,168.16000366210938,175.0399932861328,91070300
2024-04-12,AAPL,174.25999450683594,178.36000061035156,174.2100067138672,176.5500030517578,101670900
2024-04-15,AAPL,175.36000061035156,176.6300048828125,172.5,172.69000244140625,73531800
2024-04-16,AAPL,171.75,173.75999450683594,168.27000427246094,169.3800048828125,73711200
2024-04-17,AAPL,169.61000061035156,170.64999389648438,168.0,168.0,50901200
2024-04-18,AAPL,168.02999877929688,168.63999938964844,166.5500030517578,167.0399932861328,43122900
2024-04-19,AAPL,166.2100067138672,166.39999389648438,164.0800018310547,165.0,68149400
2024-04-22,AAPL,165.52000427246094,167.25999450683594,164.77000427246094,165.83999633789062,48116400
2024-04-23,AAPL,165.35000610351562,167.0500030517578,164.9199981689453,166.89999389648438,49537800
2024-04-24,AAPL,166.5399932861328,169.3000030517578,166.2100067138672,169.02000427246094,48251800
2024-04-25,AAPL,169.52999877929688,170.61000061035156,168.14999389648438,169.88999938964844,50558300
2024-04-26,AAPL,169.8800048828125,171.33999633789062,169.17999267578125,169.3000030517578,44838400
2024-04-29,AAPL,173.3699951171875,176.02999877929688,173.10000610351562,173.5,68169400
2024-04-30,AAPL,173.3300018310547,174.99000549316406,170.0,170.3300018310547,65934800
2024-05-01,AAPL,169.5800018310547,172.7100067138672,169.11000061035156,169.3000030517578,50383100
2024-05-02,AAPL,172.50999450683594,173.4199981689453,170.88999938964844,173.02999877929688,94214900
2024-05-03,AAPL,186.64999389648438,187.0,182.66000366210938,183.3800048828125,163224100
2024-05-06,AAPL,182.35000610351562,184.1999969482422,180.4199981689453,181.7100067138672,78569700
2024-05-07,AAPL,183.4499969482422,184.89999389648438,181.32000732421875,182.39999389648438,77305800
2024-05-08,AAPL,182.85000610351562,183.07000732421875,181.4499969482422,182.74000549316406,45057100
2024-05-09,AAPL,182.55999755859375,184.66000366210938,182.11000061035156,184.57000732421875,48983000
2024-05-10,AAPL,184.89999389648438,185.08999633789062,182.1300048828125,183.0500030517578,50759500
2024-05-13,AAPL,185.44000244140625,187.10000610351562,184.6199951171875,186.27999877929688,72044800
2024-05-14,AAPL,187.50999450683594,188.3000030517578,186.2899932861328,187.42999267578125,52393600
2024-05-15,AAPL,187.91000366210938,190.64999389648438,187.3699951171875,189.72000122070312,70400000
2024-05-16,AAPL,190.47000122070312,191.10000610351562,189.66000366210938,189.83999633789062,52845200
2024-05-17,AAPL,189.50999450683594,190.80999755859375,189.17999267578125,189.8699951171875,41282900
2024-05-20,AAPL,189.3300018310547,191.9199981689453,189.00999450683594,191.0399932861328,44361300
2024-05-21,AAPL,191.08999633789062,192.72999572753906,190.9199981689453,192.35000610351562,42309400
2024-05-22,AAPL,192.27000427246094,192.82000732421875,190.27000427246094,190.89999389648438,34648500
2024-05-23,AAPL,190.97999572753906,191.0,186.6300048828125,186.8800048828125,51005900
2024-05-24,AAPL,188.82000732421875,190.5800018310547,188.0399932861328,189.97999572753906,36327000
2024-05-28,AAPL,191.50999450683594,193.0,189.10000610351562,189.99000549316406,52280100
2024-05-29,AAPL,189.61000061035156,192.25,189.50999450683594,190.2899932861328,53068000
2024-05-30,AAPL,190.75999450683594,192.17999267578125,190.6300048828125,191.2899932861328,49889100
2024-05-31,AAPL,191.44000244140625,192.57000732421875,189.91000366210938,192.25,75158300
2024-06-03,AAPL,192.89999389648438,194.99000549316406,192.52000427246094,194.02999877929688,50080500
2024-06-04,AAPL,194.63999938964844,195.32000732421875,193.02999877929688,194.35000610351562,47471400
2024-06-05,AAPL,195.39999389648438,196.89999389648438,194.8699951171875,195.8699951171875,54156800
2024-06-06,AAPL,195.69000244140625,196.5,194.1699981689453,194.47999572753906,41181800
2024-06-07,AAPL,194.64999389648438,196.94000244140625,194.13999938964844,196.88999938964844,53103900
2024-06-10,AAPL,196.89999389648438,197.3000030517578,192.14999389648438,193.1199951171875,97010200
2024-06-11,AAPL,193.64999389648438,207.16000366210938,193.6300048828125,207.14999389648438,172373300
2024-06-12,AAPL,207.3699951171875,220.1999969482422,206.89999389648438,213.07000732421875,198134300
2024-06-13,AAPL,214.74000549316406,216.75,211.60000610351562,214.24000549316406,97862700
2024-06-14,AAPL,213.85000610351562,215.1699981689453,211.3000030517578,212.49000549316406,70122700
2024-06-17,AAPL,213.3699951171875,218.9499969482422,212.72000122070312,216.6699981689453,93728300
2024-06-18,AAPL,217.58999633789062,218.6300048828125,213.0,214.2899932861328,79943300
2024-06-20,AAPL,213.92999267578125,214.24000549316406,208.85000610351562,209.67999267578125,86172500
2024-06-21,AAPL,210.38999938964844,211.88999938964844,207.11000061035156,207.49000549316406,241805100
2024-06-24,AAPL,207.72000122070312,212.6999969482422,206.58999633789062,208.13999938964844,80727000
2024-06-25,AAPL,209.14999389648438,211.3800048828125,208.61000061035156,209.07000732421875,55549700
2024-06-26,AAPL,211.5,214.86000061035156,210.63999938964844,213.25,66213200
2024-06-27,AAPL,214.69000244140625,215.74000549316406,212.35000610351562,214.10000610351562,49772700
2024-06-28,AAPL,215.77000427246094,216.07000732421875,210.3000030517578,210.6199951171875,82542700
2024-07-01,AAPL,212.08999633789062,217.50999450683594,211.9199981689453,216.75,60402900
2024-07-02,AAPL,216.14999389648438,220.3800048828125,215.10000610351562,220.27000427246094,58046200
2024-07-03,AAPL,220.0,221.5500030517578,219.02999877929688,221.5500030517578,37369800
2024-07-05,AAPL,221.64999389648438,226.4499969482422,221.64999389648438,226.33999633789062,60412400
2024-07-08,AAPL,227.08999633789062,227.85000610351562,223.25,227.82000732421875,59085900
2024-07-09,AAPL,227.92999267578125,229.39999389648438,226.3699951171875,228.67999267578125,48076100
2024-07-10,AAPL,229.3000030517578,233.0800018310547,229.25,232.97999572753906,62627700
2024-07-11,AAPL,231.38999938964844,232.38999938964844,225.77000427246094,227.57000732421875,64710600
2024-07-12,AAPL,228.9199981689453,232.63999938964844,228.67999267578125,230.5399932861328,53046500
2024-07-15,AAPL,236.47999572753906,237.22999572753906,233.08999633789062,234.39999389648438,62631300
2024-07-16,AAPL,235.0,236.27000427246094,232.3300018310547,234.82000732421875,43234300
2024-07-17,AAPL,229.4499969482422,231.4600067138672,226.63999938964844,228.8800048828125,57345900
2024-07-18,AAPL,230.27999877929688,230.44000244140625,222.27000427246094,224.17999267578125,66034600
2024-07-19,AAPL,224.82000732421875,226.8000030517578,223.27999877929688,224.30999755859375,49151500
2024-07-22,AAPL,227.00999450683594,227.77999877929688,223.08999633789062,223.9600067138672,48201800
2024-07-23,AAPL,224.3699951171875,226.94000244140625,222.67999267578125,225.00999450683594,39960300
2024-07-24,AAPL,224.0,224.8000030517578,217.1300048828125,218.5399932861328,61777600
2024-07-25,AAPL,218.92999267578125,220.85000610351562,214.6199951171875,217.49000549316406,51391200
2024-07-26,AAPL,218.6999969482422,219.49000549316406,216.00999450683594,217.9600067138672,41601300
2024-07-29,AAPL,216.9600067138672,219.3000030517578,215.75,218.24000549316406,36311800
2024-07-30,AAPL,219.19000244140625,220.3300018310547,216.1199951171875,218.8000030517578,41643800
2024-07-31,AAPL,221.44000244140625,223.82000732421875,220.6300048828125,222.0800018310547,50036300
2024-08-01,AAPL,224.3699951171875,224.47999572753906,217.02000427246094,218.36000061035156,62501000
2024-08-02,AAPL,219.14999389648438,225.60000610351562,217.7100067138672,219.86000061035156,105568600
2024-08-05,AAPL,199.08999633789062,213.5,196.0,209.27000427246094,119548600
2024-08-06,AAPL,205.3000030517578,209.99000549316406,201.07000732421875,207.22999572753906,69660500
2024-08-07,AAPL,206.89999389648438,213.63999938964844,206.38999938964844,209.82000732421875,63516400
2024-08-08,AAPL,213.11000061035156,214.1999969482422,208.8300018310547,213.30999755859375,47161100
2024-08-09,AAPL,212.10000610351562,216.77999877929688,211.97000122070312,216.24000549316406,42201600
2024-08-12,AAPL,216.07000732421875,219.50999450683594,215.60000610351562,217.52999877929688,38028100
2024-08-13,AAPL,219.00999450683594,221.88999938964844,219.00999450683594,221.27000427246094,44155300
2024-08-14,AAPL,220.57000732421875,223.02999877929688,219.6999969482422,221.72000122070312,41960600
2024-08-15,AAPL,224.60000610351562,225.35000610351562,222.75999450683594,224.72000122070312,46414000
2024-08-16,AAPL,223.9199981689453,226.8300018310547,223.64999389648438,226.0500030517578,44340200
2024-08-19,AAPL,225.72000122070312,225.99000549316406,223.0399932861328,225.88999938964844,40687800
2024-08-20,AAPL,225.77000427246094,227.1699981689453,225.4499969482422,226.50999450683594,30299000
2024-08-21,AAPL,226.52000427246094,227.97999572753906,225.0500030517578,226.39999389648438,34765500
2024-08-22,AAPL,227.7899932861328,228.33999633789062,223.89999389648438,224.52999877929688,43695300
2024-08-23,AAPL,225.66000366210938,228.22000122070312,224.3300018310547,226.83999633789062,38677300
2024-08-26,AAPL,226.75999450683594,227.27999877929688,223.88999938964844,227.17999267578125,30602200
2024-08-27,AAPL,226.0,228.85000610351562,224.88999938964844,228.02999877929688,35934600
2024-08-28,AAPL,227.9199981689453,229.86000061035156,225.67999267578125,226.49000549316406,38052200
2024-08-29,AAPL,230.10000610351562,232.9199981689453,228.8800048828125,229.7899932861328,51906300
2024-08-30,AAPL,230.19000244140625,230.39999389648438,227.47999572753906,229.0,52990800
2024-09-03,AAPL,228.5500030517578,229.0,221.1699981689453,222.77000427246094,50190600
2024-09-04,AAPL,221.66000366210938,221.77999877929688,217.47999572753906,220.85000610351562,43840200
2024-09-05,AAPL,221.6300048828125,225.47999572753906,221.52000427246094,222.3800048828125,36615400
2024-09-06,AAPL,223.9499969482422,225.24000549316406,219.77000427246094,220.82000732421875,48423000
2024-09-09,AAPL,220.82000732421875,221.27000427246094,216.7100067138672,220.91000366210938,67180000
2024-09-10,AAPL,218.9199981689453,221.47999572753906,216.72999572753906,220.11000061035156,51591000
2024-09-11,AAPL,221.4600067138672,223.08999633789062,217.88999938964844,222.66000366210938,44587100
2024-09-12,AAPL,222.5,223.5500030517578,219.82000732421875,222.77000427246094,37455600
2024-09-13,AAPL,223.5800018310547,224.0399932861328,221.91000366210938,222.5,36766600
2024-09-16,AAPL,216.5399932861328,217.22000122070312,213.9199981689453,216.32000732421875,59357400
2024-09-17,AAPL,215.75,216.89999389648438,214.5,216.7899932861328,45519300
2024-09-18,AAPL,217.5500030517578,222.7100067138672,217.5399932861328,220.69000244140625,59894900
2024-09-19,AAPL,224.99000549316406,229.82000732421875,224.6300048828125,228.8699951171875,66781300
2024-09-20,AAPL,229.97000122070312,233.08999633789062,227.6199951171875,228.1999969482422,318679900
2024-09-23,AAPL,227.33999633789062,229.4499969482422,225.80999755859375,226.47000122070312,54146000
2024-09-24,AAPL,228.64999389648438,229.35000610351562,225.72999572753906,227.3699951171875,43556100
2024-09-25,AAPL,224.92999267578125,227.2899932861328,224.02000427246094,226.3699951171875,42308700
2024-09-26,AAPL,227.3000030517578,228.5,225.41000366210938,227.52000427246094,36636700
2024-09-27,AAPL,228.4600067138672,229.52000427246094,227.3000030517578,227.7899932861328,34026000
2024-09-30,AAPL,230.0399932861328,233.0,229.64999389648438,233.0,54541900
2024-10-01,AAPL,229.52000427246094,229.64999389648438,223.74000549316406,226.2100067138672,63285000
2024-10-02,AAPL,225.88999938964844,227.3699951171875,223.02000427246094,226.77999877929688,32880600
2024-10-03,AAPL,225.13999938964844,226.80999755859375,223.32000732421875,225.6699981689453,34044200
2024-10-04,AAPL,227.89999389648438,228.0,224.1300048828125,226.8000030517578,37245100
2024-10-07,AAPL,224.5,225.69000244140625,221.3300018310547,221.69000244140625,39505400
2024-10-08,AAPL,224.3000030517578,225.97999572753906,223.25,225.77000427246094,31855700
2024-10-09,AAPL,225.22999572753906,229.75,224.8300018310547,229.5399932861328,33591100
2024-10-10,AAPL,227.77999877929688,229.5,227.1699981689453,229.0399932861328,28183500
2024-10-11,AAPL,229.3000030517578,229.41000366210938,227.33999633789062,227.5500030517578,31759200
2024-10-14,AAPL,228.6999969482422,231.72999572753906,228.60000610351562,231.3000030517578,39882100
2024-10-15,AAPL,233.61000061035156,237.49000549316406,232.3699951171875,233.85000610351562,64751400
2024-10-16,AAPL,231.60000610351562,232.1199951171875,229.83999633789062,231.77999877929688,34082200
2024-10-17,AAPL,233.42999267578125,233.85000610351562,230.52000427246094,232.14999389648438,32993800
2024-10-18,AAPL,236.17999267578125,236.17999267578125,234.00999450683594,235.0,46431500
2024-10-21,AAPL,234.4499969482422,236.85000610351562,234.4499969482422,236.47999572753906,36254500
2024-10-22,AAPL,233.88999938964844,236.22000122070312,232.60000610351562,235.86000061035156,38846600
2024-10-23,AAPL,234.0800018310547,235.13999938964844,227.75999450683594,230.75999450683594,52287000
2024-10-24,AAPL,229.97999572753906,230.82000732421875,228.41000366210938,230.57000732421875,31109500
2024-10-25,AAPL,229.74000549316406,233.22000122070312,229.57000732421875,231.41000366210938,38802300
2024-10-28,AAPL,233.32000732421875,234.72999572753906,232.5500030517578,233.39999389648438,36087100
2024-10-29,AAPL,233.10000610351562,234.3300018310547,232.32000732421875,233.6699981689453,35417200
2024-10-30,AAPL,232.61000061035156,233.47000122070312,229.5500030517578,230.10000610351562,47070900
2024-10-31,AAPL,229.33999633789062,229.8300018310547,225.3699951171875,225.91000366210938,64370100
2024-11-01,AAPL,220.97000122070312,225.35000610351562,220.27000427246094,222.91000366210938,65276700
2024-11-04,AAPL,220.99000549316406,222.7899932861328,219.7100067138672,222.00999450683594,44944500
2024-11-05,AAPL,221.8000030517578,223.9499969482422,221.13999938964844,223.4499969482422,28111300
2024-11-06,AAPL,222.61000061035156,226.07000732421875,221.19000244140625,222.72000122070312,54561100
2024-11-07,AAPL,224.6300048828125,227.8800048828125,224.57000732421875,227.47999572753906,42137700
2024-11-08,AAPL,227.1699981689453,228.66000366210938,226.41000366210938,226.9600067138672,38328800
2024-11-11,AAPL,225.0,225.6999969482422,221.5,224.22999572753906,42005600
2024-11-12,AAPL,224.5500030517578,225.58999633789062,223.36000061035156,224.22999572753906,40398300
2024-11-13,AAPL,224.00999450683594,226.64999389648438,222.75999450683594,225.1199951171875,48566200
2024-11-14,AAPL,225.02000427246094,228.8699951171875,225.0,228.22000122070312,44923900
2024-11-15,AAPL,226.39999389648438,226.9199981689453,224.27000427246094,225.0,47923700
2024-11-18,AAPL,225.25,229.74000549316406,225.1699981689453,228.02000427246094,44633700
2024-11-19,AAPL,226.97999572753906,230.16000366210938,226.66000366210938,228.27999877929688,36211800
2024-11-20,AAPL,228.05999755859375,229.92999267578125,225.88999938964844,229.0,35169600
2024-11-21,AAPL,228.8800048828125,230.16000366210938,225.7100067138672,228.52000427246094,42108300
2024-11-22,AAPL,228.05999755859375,230.72000122070312,228.05999755859375,229.8699951171875,38168300
2024-11-25,AAPL,231.4600067138672,233.25,229.74000549316406,232.8699951171875,90152800
2024-11-26,AAPL,233.3300018310547,235.57000732421875,233.3300018310547,235.05999755859375,45986200
2024-11-27,AAPL,234.47000122070312,235.69000244140625,233.80999755859375,234.92999267578125,33498400
2024-11-29,AAPL,234.80999755859375,237.80999755859375,233.97000122070312,237.3300018310547,28481400
2024-12-02,AAPL,237.27000427246094,240.7899932861328,237.16000366210938,239.58999633789062,48137100
2024-12-03,AAPL,239.80999755859375,242.75999450683594,238.89999389648438,242.64999389648438,38861000
2024-12-04,AAPL,242.8699951171875,244.11000061035156,241.25,243.00999450683594,44383900
2024-12-05,AAPL,243.99000549316406,244.5399932861328,242.1300048828125,243.0399932861328,40033900
2024-12-06,AAPL,242.91000366210938,244.6300048828125,242.0800018310547,242.83999633789062,36870600
2024-12-09,AAPL,241.8300018310547,247.24000549316406,241.75,246.75,44649200
2024-12-10,AAPL,246.88999938964844,248.2100067138672,245.33999633789062,247.77000427246094,36914800
2024-12-11,AAPL,247.9600067138672,250.8000030517578,246.25999450683594,246.49000549316406,45205800
2024-12-12,AAPL,246.88999938964844,248.74000549316406,245.67999267578125,247.9600067138672,32777500
2024-12-13,AAPL,247.82000732421875,249.2899932861328,246.24000549316406,248.1300048828125,33155300
2024-12-16,AAPL,247.99000549316406,251.3800048828125,247.64999389648438,251.0399932861328,51694800
2024-12-17,AAPL,250.0800018310547,253.8300018310547,249.77999877929688,253.47999572753906,51356400
2024-12-18,AAPL,252.16000366210938,254.27999877929688,247.74000549316406,248.0500030517578,56774100
2024-12-19,AAPL,247.5,252.0,247.08999633789062,249.7899932861328,60882300
2024-12-20,AAPL,248.0399932861328,255.0,245.69000244140625,254.49000549316406,147495300
2024-12-23,AAPL,254.77000427246094,255.64999389648438,253.4499969482422,255.27000427246094,40858800
2024-12-24,AAPL,255.49000549316406,258.2099914550781,255.2899932861328,258.20001220703125,23234700
2024-12-26,AAPL,258.19000244140625,260.1000061035156,257.6300048828125,259.0199890136719,27237100
2024-12-27,AAPL,257.8299865722656,258.70001220703125,253.05999755859375,255.58999633789062,42355300
2024-12-30,AAPL,252.22999572753906,253.5,250.75,252.1999969482422,35557500
2024-12-31,AAPL,252.44000244140625,253.27999877929688,249.42999267578125,250.4199981689453,39480700
2025-01-02,AAPL,248.92999267578125,249.10000610351562,241.82000732421875,243.85000610351562,55740700
2025-01-03,AAPL,243.36000061035156,244.17999267578125,241.88999938964844,243.36000061035156,40244100
2025-01-06,AAPL,244.30999755859375,247.3300018310547,243.1999969482422,245.0,45045600
2025-01-07,AAPL,242.97999572753906,245.5500030517578,241.35000610351562,242.2100067138672,40856000
2025-01-08,AAPL,241.9199981689453,243.7100067138672,240.0500030517578,242.6999969482422,37628900
2025-01-10,AAPL,240.00999450683594,240.16000366210938,233.0,236.85000610351562,61710900
2025-01-13,AAPL,233.52999877929688,234.6699981689453,229.72000122070312,234.39999389648438,49630700
2025-01-14,AAPL,234.75,236.1199951171875,232.47000122070312,233.27999877929688,39435300
2025-01-15,AAPL,234.63999938964844,238.9600067138672,234.42999267578125,237.8699951171875,39832000
2025-01-16,AAPL,237.35000610351562,238.00999450683594,228.02999877929688,228.25999450683594,71759100
2025-01-17,AAPL,232.1199951171875,232.2899932861328,228.47999572753906,229.97999572753906,68488300
2025-01-21,AAPL,224.0,224.4199981689453,219.3800048828125,222.63999938964844,98070400
2025-01-22,AAPL,219.7899932861328,224.1199951171875,219.7899932861328,223.8300018310547,64126500
2025-01-23,AAPL,224.74000549316406,227.02999877929688,222.3000030517578,223.66000366210938,60234800
2025-01-24,AAPL,224.77999877929688,225.6300048828125,221.41000366210938,222.77999877929688,54697900
2025-01-27,AAPL,224.02000427246094,232.14999389648438,223.97999572753906,229.86000061035156,94863400
2025-01-28,AAPL,230.85000610351562,240.19000244140625,230.80999755859375,238.25999450683594,75707600
2025-01-29,AAPL,234.1199951171875,239.86000061035156,234.00999450683594,239.36000061035156,45486100
2025-01-30,AAPL,238.6699981689453,240.7899932861328,237.2100067138672,237.58999633789062,55658300
2025-01-31,AAPL,247.19000244140625,247.19000244140625,233.44000244140625,236.0,100959800
2025-02-03,AAPL,229.99000549316406,231.8300018310547,225.6999969482422,228.00999450683594,73063300
2025-02-04,AAPL,227.25,233.1300048828125,226.64999389648438,232.8000030517578,45067300
2025-02-05,AAPL,228.52999877929688,232.6699981689453,228.27000427246094,232.47000122070312,39620300
2025-02-06,AAPL,231.2899932861328,233.8000030517578,230.42999267578125,233.22000122070312,29925300
2025-02-07,AAPL,232.60000610351562,234.0,227.25999450683594,227.6300048828125,39707200
2025-02-10,AAPL,229.57000732421875,230.58999633789062,227.1999969482422,227.64999389648438,33115600
2025-02-11,AAPL,228.1999969482422,235.22999572753906,228.1300048828125,232.6199951171875,53718400
2025-02-12,AAPL,231.1999969482422,236.9600067138672,230.67999267578125,236.8699951171875,45243300
2025-02-13,AAPL,236.91000366210938,242.33999633789062,235.57000732421875,241.52999877929688,53614100
2025-02-14,AAPL,241.25,245.5500030517578,240.99000549316406,244.60000610351562,40896200
2025-02-18,AAPL,244.14999389648438,245.17999267578125,241.83999633789062,244.47000122070312,48822500
2025-02-19,AAPL,244.66000366210938,246.00999450683594,243.16000366210938,244.8699951171875,32204200
2025-02-20,AAPL,244.94000244140625,246.77999877929688,244.2899932861328,245.8300018310547,32316900
2025-02-21,AAPL,245.9499969482422,248.69000244140625,245.22000122070312,245.5500030517578,53197400
2025-02-24,AAPL,244.92999267578125,248.86000061035156,244.4199981689453,247.10000610351562,51326400
2025-02-25,AAPL,248.0,250.0,244.91000366210938,247.0399932861328,48013300
2025-02-26,AAPL,244.3300018310547,244.97999572753906,239.1300048828125,240.36000061035156,44433600
2025-02-27,AAPL,239.41000366210938,242.4600067138672,237.05999755859375,237.3000030517578,41153600
2025-02-28,AAPL,236.9499969482422,242.08999633789062,230.1999969482422,241.83999633789062,56833400
2025-03-03,AAPL,241.7899932861328,244.02999877929688,236.11000061035156,238.02999877929688,47184000
2025-03-04,AAPL,237.7100067138672,240.07000732421875,234.67999267578125,235.92999267578125,53798100
2025-03-05,AAPL,235.4199981689453,236.5500030517578,229.22999572753906,235.74000549316406,47227600
2025-03-06,AAPL,234.44000244140625,237.86000061035156,233.16000366210938,235.3300018310547,45170400
2025-03-07,AAPL,235.11000061035156,241.3699951171875,234.75999450683594,239.07000732421875,46273600
2025-03-10,AAPL,235.5399932861328,236.16000366210938,224.22000122070312,227.47999572753906,72071200
2025-03-11,AAPL,223.80999755859375,225.83999633789062,217.4499969482422,220.83999633789062,76137400
2025-03-12,AAPL,220.13999938964844,221.75,214.91000366210938,216.97999572753906,62547500
2025-03-13,AAPL,215.9499969482422,216.83999633789062,208.4199981689453,209.67999267578125,61368300
2025-03-14,AAPL,211.25,213.9499969482422,209.5800018310547,213.49000549316406,60107600
2025-03-17,AAPL,213.30999755859375,215.22000122070312,209.97000122070312,214.0,48073400
2025-03-18,AAPL,214.16000366210938,215.14999389648438,211.49000549316406,212.69000244140625,42432400
2025-03-19,AAPL,214.22000122070312,218.75999450683594,213.75,215.24000549316406,54385400
2025-03-20,AAPL,213.99000549316406,217.49000549316406,212.22000122070312,214.10000610351562,48862900
2025-03-21,AAPL,211.55999755859375,218.83999633789062,211.27999877929688,218.27000427246094,94127800
2025-03-24,AAPL,221.0,221.47999572753906,218.5800018310547,220.72999572753906,44299500
2025-03-25,AAPL,220.77000427246094,224.10000610351562,220.0800018310547,223.75,34493600
2025-03-26,AAPL,223.50999450683594,225.02000427246094,220.47000122070312,221.52999877929688,34466100
2025-03-27,AAPL,221.38999938964844,224.99000549316406,220.55999755859375,223.85000610351562,37094800
2025-03-28,AAPL,221.6699981689453,223.80999755859375,217.67999267578125,217.89999389648438,39818600
2025-03-31,AAPL,217.00999450683594,225.6199951171875,216.22999572753906,222.1300048828125,65299300
2025-04-01,AAPL,219.80999755859375,223.67999267578125,218.89999389648438,223.19000244140625,36412700
2025-04-02,AAPL,221.32000732421875,225.19000244140625,221.02000427246094,223.88999938964844,35905900
2025-04-03,AAPL,205.5399932861328,207.49000549316406,201.25,203.19000244140625,103419000
2025-04-04,AAPL,193.88999938964844,199.8800048828125,187.33999633789062,188.3800048828125,125910900
2025-04-07,AAPL,177.1999969482422,194.14999389648438,174.6199951171875,181.4600067138672,160466300
2025-04-08,AAPL,186.6999969482422,190.33999633789062,169.2100067138672,172.4199981689453,120859500
2025-04-09,AAPL,171.9499969482422,200.61000061035156,171.88999938964844,198.85000610351562,184395900
2025-04-10,AAPL,189.07000732421875,194.77999877929688,183.0,190.4199981689453,121880000
2025-04-11,AAPL,186.10000610351562,199.5399932861328,186.05999755859375,198.14999389648438,87435900
2025-04-14,AAPL,211.44000244140625,212.94000244140625,201.16000366210938,202.52000427246094,101352900
2025-04-15,AAPL,201.86000061035156,203.50999450683594,199.8000030517578,202.13999938964844,51343900
2025-04-16,AAPL,198.36000061035156,200.6999969482422,192.3699951171875,194.27000427246094,59732400
2025-04-17,AAPL,197.1999969482422,198.8300018310547,194.4199981689453,196.97999572753906,52164700
2025-04-21,AAPL,193.27000427246094,193.8000030517578,189.80999755859375,193.16000366210938,46742500
2025-04-22,AAPL,196.1199951171875,201.58999633789062,195.97000122070312,199.74000549316406,52976400
2025-04-23,AAPL,206.0,208.0,202.8000030517578,204.60000610351562,52929200
2025-04-24,AAPL,204.88999938964844,208.8300018310547,202.94000244140625,208.3699951171875,47311000
2025-04-25,AAPL,206.3699951171875,209.75,206.1999969482422,209.27999877929688,38222300
2025-04-28,AAPL,210.0,211.5,207.4600067138672,210.13999938964844,38743100
2025-04-29,AAPL,208.69000244140625,212.24000549316406,208.3699951171875,211.2100067138672,36827600
2025-04-30,AAPL,209.3000030517578,213.5800018310547,206.6699981689453,212.5,52286500
2025-05-01,AAPL,209.0800018310547,214.55999755859375,208.89999389648438,213.32000732421875,57365700
2025-05-02,AAPL,206.08999633789062,206.99000549316406,202.16000366210938,205.35000610351562,101010600
2025-05-05,AAPL,203.10000610351562,204.10000610351562,198.2100067138672,198.88999938964844,69018500
2025-05-06,AAPL,198.2100067138672,200.64999389648438,197.02000427246094,198.50999450683594,51216500
2025-05-07,AAPL,199.1699981689453,199.44000244140625,193.25,196.25,68536700
2025-05-08,AAPL,197.72000122070312,200.0500030517578,194.67999267578125,197.49000549316406,50478900
2025-05-09,AAPL,199.0,200.5399932861328,197.5399932861328,198.52999877929688,36453900
2025-05-12,AAPL,210.97000122070312,211.27000427246094,206.75,210.7899932861328,63775800
2025-05-13,AAPL,210.42999267578125,213.39999389648438,209.0,212.92999267578125,51909300
2025-05-14,AAPL,212.42999267578125,213.94000244140625,210.5800018310547,212.3300018310547,49325800
2025-05-15,AAPL,210.9499969482422,212.9600067138672,209.5399932861328,211.4499969482422,45029500
2025-05-16,AAPL,212.36000061035156,212.57000732421875,209.77000427246094,211.25999450683594,54737900
2025-05-19,AAPL,207.91000366210938,209.47999572753906,204.25999450683594,208.77999877929688,46140500
2025-05-20,AAPL,207.6699981689453,208.47000122070312,205.02999877929688,206.86000061035156,42496600
2025-05-21,AAPL,205.1699981689453,207.0399932861328,200.7100067138672,202.08999633789062,59211800
2025-05-22,AAPL,200.7100067138672,202.75,199.6999969482422,201.36000061035156,46742400
2025-05-23,AAPL,193.6699981689453,197.6999969482422,193.4600067138672,195.27000427246094,78432900
2025-05-27,AAPL,198.3000030517578,200.74000549316406,197.42999267578125,200.2100067138672,56288500
2025-05-28,AAPL,200.58999633789062,202.72999572753906,199.89999389648438,200.4199981689453,45339700
2025-05-29,AAPL,203.5800018310547,203.80999755859375,198.50999450683594,199.9499969482422,51396800
2025-05-30,AAPL,199.3699951171875,201.9600067138672,196.77999877929688,200.85000610351562,70819900
2025-06-02,AAPL,200.27999877929688,202.1300048828125,200.1199951171875,201.6999969482422,35423300
2025-06-03,AAPL,201.35000610351562,203.77000427246094,200.9600067138672,203.27000427246094,46381600
2025-06-04,AAPL,202.91000366210938,206.24000549316406,202.10000610351562,202.82000732421875,43604000
2025-06-05,AAPL,203.5,204.75,200.14999389648438,200.6300048828125,55126100
2025-06-06,AAPL,203.0,205.6999969482422,202.0500030517578,203.9199981689453,46607700
2025-06-09,AAPL,204.38999938964844,206.0,200.02000427246094,201.4499969482422,72862600
2025-06-10,AAPL,200.60000610351562,204.35000610351562,200.57000732421875,202.6699981689453,54672600
2025-06-11,AAPL,203.5,204.5,198.41000366210938,198.77999877929688,60989900
2025-06-12,AAPL,199.0800018310547,199.67999267578125,197.36000061035156,199.1999969482422,43904600
2025-06-13,AAPL,199.72999572753906,200.3699951171875,195.6999969482422,196.4499969482422,51447300
2025-06-16,AAPL,197.3000030517578,198.69000244140625,196.55999755859375,198.4199981689453,43020700
2025-06-17,AAPL,197.1999969482422,198.38999938964844,195.2100067138672,195.63999938964844,38856200
2025-06-18,AAPL,195.94000244140625,197.57000732421875,195.07000732421875,196.5800018310547,45394700
2025-06-20,AAPL,198.24000549316406,201.6999969482422,196.86000061035156,201.0,96813500
2025-06-23,AAPL,201.6300048828125,202.3000030517578,198.9600067138672,201.5,55814300
2025-06-24,AAPL,202.58999633789062,203.44000244140625,200.1999969482422,200.3000030517578,54064000
2025-06-25,AAPL,201.4499969482422,203.6699981689453,200.6199951171875,201.55999755859375,39525700
2025-06-26,AAPL,201.42999267578125,202.63999938964844,199.4600067138672,201.0,50799100
2025-06-27,AAPL,201.88999938964844,203.22000122070312,200.0,201.0800018310547,73188600
2025-06-30,AAPL,202.00999450683594,207.38999938964844,199.25999450683594,205.1699981689453,91912800
2025-07-01,AAPL,206.6699981689453,210.19000244140625,206.13999938964844,207.82000732421875,78788900
2025-07-02,AAPL,208.91000366210938,213.33999633789062,208.13999938964844,212.44000244140625,67941800
2025-07-03,AAPL,212.14999389648438,214.64999389648438,211.80999755859375,213.5500030517578,34955800
2025-07-07,AAPL,212.67999267578125,216.22999572753906,208.8000030517578,209.9499969482422,50229000
2025-07-08,AAPL,210.10000610351562,211.42999267578125,208.4499969482422,210.00999450683594,42848900
2025-07-09,AAPL,209.52999877929688,211.3300018310547,207.22000122070312,211.13999938964844,48749400
2025-07-10,AAPL,210.50999450683594,213.47999572753906,210.02999877929688,212.41000366210938,44443600
2025-07-11,AAPL,210.57000732421875,212.1300048828125,209.86000061035156,211.16000366210938,39765800
2025-07-14,AAPL,209.92999267578125,210.91000366210938,207.5399932861328,208.6199951171875,38840100
2025-07-15,AAPL,209.22000122070312,211.88999938964844,208.9199981689453,209.11000061035156,42296300
2025-07-16,AAPL,210.3000030517578,212.39999389648438,208.63999938964844,210.16000366210938,47490500
2025-07-17,AAPL,210.57000732421875,211.8000030517578,209.58999633789062,210.02000427246094,48068100
2025-07-18,AAPL,210.8699951171875,211.7899932861328,209.6999969482422,211.17999267578125,48974600
2025-07-21,AAPL,212.10000610351562,215.77999877929688,211.6300048828125,212.47999572753906,51377400
2025-07-22,AAPL,213.13999938964844,214.9499969482422,212.22999572753906,214.39999389648438,46404100
2025-07-23,AAPL,215.0,215.14999389648438,212.41000366210938,214.14999389648438,46989300
2025-07-24,AAPL,213.89999389648438,215.69000244140625,213.52999877929688,213.75999450683594,46022600
2025-07-25,AAPL,214.6999969482422,215.24000549316406,213.39999389648438,213.8800048828125,40268800
2025-07-28,AAPL,214.02999877929688,214.85000610351562,213.05999755859375,214.0500030517578,37858000
2025-07-29,AAPL,214.17999267578125,214.80999755859375,210.82000732421875,211.27000427246094,51411700
2025-07-30,AAPL,211.89999389648438,212.38999938964844,207.72000122070312,209.0500030517578,45512500
2025-07-31,AAPL,208.49000549316406,209.83999633789062,207.16000366210938,207.57000732421875,80698400
2025-08-01,AAPL,210.8699951171875,213.5800018310547,201.5,202.3800048828125,104434500
2025-08-04,AAPL,204.50999450683594,207.8800048828125,201.67999267578125,203.35000610351562,75109300
2025-08-05,AAPL,203.39999389648438,205.33999633789062,202.16000366210938,202.9199981689453,44155100
2025-08-06,AAPL,205.6300048828125,215.3800048828125,205.58999633789062,213.25,108483100
2025-08-07,AAPL,218.8800048828125,220.85000610351562,216.5800018310547,220.02999877929688,90224800
2025-08-08,AAPL,220.8300018310547,231.0,219.25,229.35000610351562,113854000
2025-08-11,AAPL,227.9199981689453,229.55999755859375,224.75999450683594,227.17999267578125,61806100
2025-08-12,AAPL,228.00999450683594,230.8000030517578,227.07000732421875,229.64999389648438,55626200
2025-08-13,AAPL,231.07000732421875,235.0,230.42999267578125,233.3300018310547,69878500
2025-08-14,AAPL,234.05999755859375,235.1199951171875,230.85000610351562,232.77999877929688,51916300
2025-08-15,AAPL,234.0,234.27999877929688,229.33999633789062,231.58999633789062,56038700
2025-08-18,AAPL,231.6999969482422,233.1199951171875,230.11000061035156,230.88999938964844,37476200
2025-08-19,AAPL,231.27999877929688,232.8699951171875,229.35000610351562,230.55999755859375,39402600
2025-08-20,AAPL,229.97999572753906,230.47000122070312,225.77000427246094,226.00999450683594,42263900
2025-08-21,AAPL,226.27000427246094,226.52000427246094,223.77999877929688,224.89999389648438,30621200
2025-08-22,AAPL,226.1699981689453,229.08999633789062,225.41000366210938,227.75999450683594,42477800
2025-08-25,AAPL,226.47999572753906,229.3000030517578,226.22999572753906,227.16000366210938,30983100
2025-08-26,AAPL,226.8699951171875,229.49000549316406,224.69000244140625,229.30999755859375,54575100
2025-08-27,AAPL,228.61000061035156,230.89999389648438,228.25999450683594,230.49000549316406,31259500
2025-08-28,AAPL,230.82000732421875,233.41000366210938,229.33999633789062,232.55999755859375,38074700
2025-08-29,AAPL,232.50999450683594,233.3800048828125,231.3699951171875,232.13999938964844,39418400
2025-09-02,AAPL,229.25,230.85000610351562,226.97000122070312,229.72000122070312,44075600
2025-09-03,AAPL,237.2100067138672,238.85000610351562,234.36000061035156,238.47000122070312,66427800
2025-09-04,AAPL,238.4499969482422,239.89999389648438,236.74000549316406,239.77999877929688,47549400
2025-09-05,AAPL,240.0,241.32000732421875,238.49000549316406,239.69000244140625,54870400
2025-09-08,AAPL,239.3000030517578,240.14999389648438,236.33999633789062,237.8800048828125,48999500
2025-09-09,AAPL,237.0,238.77999877929688,233.36000061035156,234.35000610351562,66313900
2025-09-10,AAPL,232.19000244140625,232.4199981689453,225.9499969482422,226.7899932861328,83440800
2025-09-11,AAPL,226.8800048828125,230.4499969482422,226.64999389648438,230.02999877929688,50208600
2025-09-12,AAPL,229.22000122070312,234.50999450683594,229.02000427246094,234.07000732421875,55824200
2025-09-15,AAPL,237.0,238.19000244140625,235.02999877929688,236.6999969482422,42699500
2025-09-16,AAPL,237.17999267578125,241.22000122070312,236.32000732421875,238.14999389648438,63421100
2025-09-17,AAPL,238.97000122070312,240.10000610351562,237.72999572753906,238.99000549316406,46508000
2025-09-18,AAPL,239.97000122070312,241.1999969482422,236.64999389648438,237.8800048828125,44249600
2025-09-19,AAPL,241.22999572753906,246.3000030517578,240.2100067138672,245.5,163741300
2025-09-22,AAPL,248.3000030517578,256.6400146484375,248.1199951171875,256.0799865722656,105517400
2025-09-23,AAPL,255.8800048828125,257.3399963378906,253.5800018310547,254.42999267578125,60275200
2025-09-24,AAPL,255.22000122070312,255.74000549316406,251.0399932861328,252.30999755859375,42303700
2025-09-25,AAPL,253.2100067138672,257.1700134277344,251.7100067138672,256.8699951171875,55202100
2025-09-26,AAPL,254.10000610351562,257.6000061035156,253.77999877929688,255.4600067138672,46076300
2025-09-29,AAPL,254.55999755859375,255.0,253.00999450683594,254.42999267578125,40127700
2025-09-30,AAPL,254.86000061035156,255.9199981689453,253.11000061035156,254.6300048828125,37704300
2025-10-01,AAPL,255.0399932861328,258.7900085449219,254.92999267578125,255.4499969482422,48713900
2025-10-02,AAPL,256.5799865722656,258.17999267578125,254.14999389648438,257.1300048828125,42630200
2025-10-03,AAPL,254.6699981689453,259.239990234375,253.9499969482422,258.0199890136719,49155600
2025-10-06,AAPL,257.989990234375,259.07000732421875,255.0500030517578,256.69000244140625,44664100
2025-10-07,AAPL,256.80999755859375,257.3999938964844,255.42999267578125,256.4800109863281,31955800
2025-10-08,AAPL,256.5199890136719,258.5199890136719,256.1099853515625,258.05999755859375,36496900
2025-10-09,AAPL,257.80999755859375,258.0,253.13999938964844,254.0399932861328,38322000
2025-10-10,AAPL,254.94000244140625,256.3800048828125,244.0,245.27000427246094,61999100
2025-10-13,AAPL,249.3800048828125,249.69000244140625,245.55999755859375,247.66000366210938,38142900
2025-10-14,AAPL,246.60000610351562,248.85000610351562,244.6999969482422,247.77000427246094,35478000
2025-10-15,AAPL,249.49000549316406,251.82000732421875,247.47000122070312,249.33999633789062,33893600
2025-10-16,AAPL,248.25,249.0399932861328,245.1300048828125,247.4499969482422,39777000
2025-10-17,AAPL,248.02000427246094,253.3800048828125,247.27000427246094,252.2899932861328,49147000
2025-10-20,AAPL,255.88999938964844,264.3800048828125,255.6300048828125,262.239990234375,90483000
2025-10-21,AAPL,261.8800048828125,265.2900085449219,261.8299865722656,262.7699890136719,46695900
2025-10-22,AAPL,262.6499938964844,262.8500061035156,255.42999267578125,258.45001220703125,45015300
2025-10-23,AAPL,259.94000244140625,260.6199951171875,258.010009765625,259.5799865722656,32754900
2025-10-24,AAPL,261.19000244140625,264.1300048828125,259.17999267578125,262.82000732421875,38253700
2025-10-27,AAPL,264.8800048828125,269.1199951171875,264.6499938964844,268.80999755859375,44888200
2025-10-28,AAPL,268.989990234375,269.8900146484375,268.1499938964844,269.0,41534800
2025-10-29,AAPL,269.2799987792969,271.4100036621094,267.1099853515625,269.70001220703125,51086700
2025-10-30,AAPL,271.989990234375,274.1400146484375,268.4800109863281,271.3999938964844,69886500
2025-10-31,AAPL,276.989990234375,277.32000732421875,269.1600036621094,270.3699951171875,86167100
2025-11-03,AAPL,270.4200134277344,270.8500061035156,266.25,269.04998779296875,50194600
2025-11-04,AAPL,268.3299865722656,271.489990234375,267.6199951171875,270.0400085449219,49274800
2025-11-05,AAPL,268.6099853515625,271.70001220703125,266.92999267578125,270.1400146484375,43683100
2025-11-06,AAPL,267.8900146484375,273.3999938964844,267.8900146484375,269.7699890136719,51204000
2025-11-07,AAPL,269.79998779296875,272.2900085449219,266.7699890136719,268.4700012207031,48227400
2025-11-10,AAPL,268.9599914550781,273.7300109863281,267.4599914550781,269.42999267578125,41312400
2025-11-11,AAPL,269.80999755859375,275.9100036621094,269.79998779296875,275.25,46208300
2025-11-12,AAPL,275.0,275.7300109863281,271.70001220703125,273.4700012207031,48398000
2025-11-13,AAPL,274.1099853515625,276.70001220703125,272.0899963378906,272.95001220703125,49602800
2025-11-14,AAPL,271.04998779296875,275.9599914550781,269.6000061035156,272.4100036621094,47431300
2025-11-17,AAPL,268.82000732421875,270.489990234375,265.7300109863281,267.4599914550781,45018300
2025-11-18,AAPL,269.989990234375,270.7099914550781,265.32000732421875,267.44000244140625,45677300
2025-11-19,AAPL,265.5299987792969,272.2099914550781,265.5,268.55999755859375,40424500
2025-11-20,AAPL,270.8299865722656,275.42999267578125,265.9200134277344,266.25,45823600
2025-11-21,AAPL,265.95001220703125,273.3299865722656,265.6700134277344,271.489990234375,59030800
2025-11-24,AAPL,270.8999938964844,277.0,270.8999938964844,275.9200134277344,65585800
2025-11-25,AAPL,275.2699890136719,280.3800048828125,275.25,276.9700012207031,46914200
2025-11-26,AAPL,276.9599914550781,279.5299987792969,276.6300048828125,277.54998779296875,33431400
2025-11-28,AAPL,277.260009765625,279.0,275.989990234375,278.8500061035156,20135600
2025-12-01,AAPL,278.010009765625,283.4200134277344,276.1400146484375,283.1000061035156,46587700
2025-12-02,AAPL,283.0,287.3999938964844,282.6300048828125,286.19000244140625,53669500
2025-12-03,AAPL,286.20001220703125,288.6199951171875,283.29998779296875,284.1499938964844,43538700
2025-12-04,AAPL,284.1000061035156,284.7300109863281,278.5899963378906,280.70001220703125,43989100
2025-12-05,AAPL,280.5400085449219,281.1400146484375,278.04998779296875,278.7799987792969,47265800
2025-12-08,AAPL,278.1300048828125,279.6700134277344,276.1499938964844,277.8900146484375,38211800
2025-12-09,AAPL,278.1600036621094,280.0299987792969,276.9200134277344,277.17999267578125,32193300
2025-12-10,AAPL,277.75,279.75,276.44000244140625,278.7799987792969,33038300
2025-12-11,AAPL,279.1000061035156,279.5899963378906,273.80999755859375,278.0299987792969,33248000
2025-12-12,AAPL,277.8999938964844,279.2200012207031,276.82000732421875,278.2799987792969,39532900
2025-12-15,AAPL,280.1499938964844,280.1499938964844,272.8399963378906,274.1099853515625,50409100
2025-12-16,AAPL,272.82000732421875,275.5,271.7900085449219,274.6099853515625,37648600
2025-12-17,AAPL,275.010009765625,276.1600036621094,271.6400146484375,271.8399963378906,50138700
2025-12-18,AAPL,273.6099853515625,273.6300048828125,266.95001220703125,272.19000244140625,51630700
2025-12-19,AAPL,272.1499938964844,274.6000061035156,269.8999938964844,273.6700134277344,144632000
2025-12-22,AAPL,272.8599853515625,273.8800048828125,270.510009765625,270.9700012207031,36571800
2025-12-23,AAPL,270.8399963378906,272.5,269.55999755859375,272.3599853515625,29642000
2025-12-24,AAPL,272.3399963378906,275.42999267578125,272.20001220703125,273.80999755859375,17910600
2025-12-26,AAPL,274.1600036621094,275.3699951171875,272.8599853515625,273.3999938964844,21521800
2025-12-29,AAPL,272.69000244140625,274.3599853515625,272.3500061035156,273.760009765625,23715200
2025-12-30,AAPL,272.80999755859375,274.0799865722656,272.2799987792969,273.0799865722656,22139600
2025-12-31,AAPL,273.05999755859375,273.67999267578125,271.75,271.8599853515625,27293600
2026-01-02,AAPL,272.260009765625,277.8399963378906,269.0,271.010009765625,37838100
2026-01-05,AAPL,270.6400146484375,271.510009765625,266.1400146484375,267.260009765625,45647200
2026-01-06,AAPL,267.0,267.54998779296875,262.1199951171875,262.3599853515625,52352100
2026-01-07,AAPL,263.20001220703125,263.67999267578125,259.80999755859375,260.3299865722656,48309800
2026-01-08,AAPL,257.0199890136719,259.2900085449219,255.6999969482422,259.0400085449219,50419300
2026-01-09,AAPL,259.0799865722656,260.2099914550781,256.2200012207031,259.3699951171875,39997000
2026-01-12,AAPL,259.1600036621094,261.29998779296875,256.79998779296875,260.25,45263800
2026-01-13,AAPL,258.7200012207031,261.80999755859375,258.3900146484375,261.04998779296875,45730800
2026-01-14,AAPL,259.489990234375,261.82000732421875,256.7099914550781,259.9599914550781,40019400
2026-01-15,AAPL,260.6499938964844,261.0400085449219,257.04998779296875,258.2099914550781,39388600
2026-01-16,AAPL,257.8999938964844,258.8999938964844,254.92999267578125,255.52999877929688,72142800
2026-01-20,AAPL,252.72999572753906,254.7899932861328,243.4199981689453,246.6999969482422,80267500
2026-01-21,AAPL,248.6999969482422,251.55999755859375,245.17999267578125,247.64999389648438,54641700
2026-01-22,AAPL,249.1999969482422,251.0,248.14999389648438,248.35000610351562,39708300
2026-01-23,AAPL,247.32000732421875,249.41000366210938,244.67999267578125,248.0399932861328,41689000
2026-01-26,AAPL,251.47999572753906,256.55999755859375,249.8000030517578,255.41000366210938,55969200
2026-01-27,AAPL,259.1700134277344,261.95001220703125,258.2099914550781,258.2699890136719,49648300
2026-01-28,AAPL,257.6499938964844,258.8599853515625,254.50999450683594,256.44000244140625,41288000
2026-01-29,AAPL,258.0,259.6499938964844,254.41000366210938,258.2799987792969,67253000
2026-01-30,AAPL,255.1699981689453,261.8999938964844,252.17999267578125,259.4800109863281,92443400
2026-02-02,AAPL,260.0299987792969,270.489990234375,259.2099914550781,270.010009765625,73913400
2026-02-03,AAPL,269.20001220703125,271.8800048828125,267.6099853515625,269.4800109863281,64394700
2026-02-04,AAPL,272.2900085449219,278.95001220703125,272.2900085449219,276.489990234375,90545700
2026-02-05,AAPL,278.1300048828125,279.5,273.2300109863281,275.9100036621094,52977400
2026-02-06,AAPL,277.1199951171875,280.9100036621094,276.92999267578125,278.1199951171875,50453400
2026-02-09,AAPL,277.9100036621094,278.20001220703125,271.70001220703125,274.6199951171875,44623400
2026-02-10,AAPL,274.8900146484375,275.3699951171875,272.94000244140625,273.67999267578125,34376900
2026-02-11,AAPL,274.70001220703125,280.17999267578125,274.45001220703125,275.5,51931300
2026-02-12,AAPL,275.5899963378906,275.7200012207031,260.17999267578125,261.7300109863281,81077200
2026-02-13,AAPL,262.010009765625,262.2300109863281,255.4499969482422,255.77999877929688,56290700
2026-02-17,AAPL,258.04998779296875,266.2900085449219,255.5399932861328,263.8800048828125,58469100
2026-02-18,AAPL,263.6000061035156,266.82000732421875,262.45001220703125,264.3500061035156,34203300
2026-02-19,AAPL,262.6000061035156,264.4800109863281,260.04998779296875,260.5799865722656,30845300
2026-02-20,AAPL,258.9700012207031,264.75,258.1600036621094,264.5799865722656,42070500
2026-02-23,AAPL,263.489990234375,269.42999267578125,263.3800048828125,266.17999267578125,37308200
2026-02-24,AAPL,267.8599853515625,274.8900146484375,267.7099914550781,272.1400146484375,47014600
2026-02-25,AAPL,271.7799987792969,274.94000244140625,271.04998779296875,274.2300109863281,33714300
2026-02-26,AAPL,274.95001220703125,276.1099853515625,270.79998779296875,272.95001220703125,32345100
2026-02-27,AAPL,272.80999755859375,272.80999755859375,262.8900146484375,264.17999267578125,72366500
2026-03-02,AAPL,262.4100036621094,266.5299987792969,260.20001220703125,264.7200012207031,41827900
2026-03-03,AAPL,263.4800109863281,265.55999755859375,260.1300048828125,263.75,38568900
2026-03-04,AAPL,264.6499938964844,266.1499938964844,261.4200134277344,262.5199890136719,39803100
2026-03-05,AAPL,260.7900085449219,261.55999755859375,257.25,260.2900085449219,49658600
2026-03-06,AAPL,258.6300048828125,258.7699890136719,254.3699951171875,257.4599914550781,41120000
2026-03-09,AAPL,255.69000244140625,261.1499938964844,253.67999267578125,259.8800048828125,38218500
2026-03-10,AAPL,257.6499938964844,262.4800109863281,256.95001220703125,260.8299865722656,30590800
2026-03-11,AAPL,261.0899963378906,262.1300048828125,259.54998779296875,260.80999755859375,26218900
2026-03-12,AAPL,258.6600036621094,258.95001220703125,254.17999267578125,255.75999450683594,40794000
2026-03-13,AAPL,255.47999572753906,256.3299865722656,249.52000427246094,250.1199951171875,36930000
2026-03-16,AAPL,252.11000061035156,253.88999938964844,249.8800048828125,252.82000732421875,32074200
2026-03-17,AAPL,252.9600067138672,255.1300048828125,252.17999267578125,254.22999572753906,32361600
2026-03-18,AAPL,252.6300048828125,254.94000244140625,249.0,249.94000244140625,35757900
2026-03-19,AAPL,249.39999389648438,251.8300018310547,247.3000030517578,248.9600067138672,34864100
2026-03-20,AAPL,247.97999572753906,249.1999969482422,246.0,247.99000549316406,88331100
2026-03-23,AAPL,253.97000122070312,254.60000610351562,250.27999877929688,251.49000549316406,40546100
2026-03-24,AAPL,250.35000610351562,254.8300018310547,249.5500030517578,251.63999938964844,45152300
2026-03-25,AAPL,254.10000610351562,255.0,251.60000610351562,252.6199951171875,28476700
2026-03-26,AAPL,252.1199951171875,257.0,250.77000427246094,252.88999938964844,41796700
2026-03-27,AAPL,253.89999389648438,255.49000549316406,248.07000732421875,248.8000030517578,47900000
2026-03-30,AAPL,250.07000732421875,250.8699951171875,245.50999450683594,246.6300048828125,39446200
2026-03-31,AAPL,247.91000366210938,255.47999572753906,247.10000610351562,253.7899932861328,49598100
2026-04-01,AAPL,254.0800018310547,256.17999267578125,253.3300018310547,255.6300048828125,40059400
2026-04-02,AAPL,254.1999969482422,256.1300048828125,250.64999389648438,255.9199981689453,31289400
2026-04-06,AAPL,256.510009765625,262.1600036621094,256.4599914550781,258.8599853515625,29329900
2026-04-07,AAPL,256.1600036621094,256.20001220703125,245.6999969482422,253.5,62148000
2026-04-08,AAPL,258.45001220703125,259.75,256.5299987792969,258.8999938964844,41032800
2026-04-09,AAPL,259.0,261.1199951171875,256.07000732421875,260.489990234375,28121600
2026-04-10,AAPL,259.9800109863281,262.19000244140625,259.0199890136719,260.4800109863281,31259500
